{
    "bleu1": 0.5293030051435508,
    "bleu2": 0.4905012261901023,
    "bleu3": 0.46590340901640437,
    "bleu4": 0.4407923193802727
}